StatusA11,StatusA12,StatusA13,StatusA14,Month,Credit_HistoryA30,Credit_HistoryA31,Credit_HistoryA32,Credit_HistoryA33,Credit_HistoryA34,PurposeA40,PurposeA41,PurposeA42,PurposeA43,PurposeA44,PurposeA45,PurposeA46,PurposeA48,PurposeA49,PurposeA410,Credit_Amount,SavingsA61,SavingsA62,SavingsA63,SavingsA64,SavingsA65,EmploymentA71,EmploymentA72,EmploymentA73,EmploymentA74,EmploymentA75,Investment_as_Income_Percentage,Sex,Other_Debtors101,Other_Debtors102,Other_Debtors103,Residence_Since,Property121,Property122,Property123,Property124,Age,Installment_PlansA141,Installment_PlansA142,Installment_PlansA143,Housing151,Housing152,Housing153,Number_of_Credits,Skill_LevelA171,Skill_LevelA172,Skill_LevelA173,Skill_LevelA174,People_Liable_For,TelephoneA191,TelephoneA192,Foreign_WorkerA201,Foreign_WorkerA202,Label,LabelPred
1,0,0,0,24,0,0,0,1,0,1,0,0,0,0,0,0,0,0,0,4870,1,0,0,0,0,0,0,1,0,0,3,1,1,0,0,4,0,0,0,1,53,0,0,1,0,0,1,2,0,0,1,0,2,1,0,1,0,2,2
0,1,0,0,36,0,0,1,0,0,0,1,0,0,0,0,0,0,0,0,6948,1,0,0,0,0,0,0,1,0,0,2,1,1,0,0,2,0,0,1,0,35,0,0,1,1,0,0,1,0,0,0,1,1,0,1,1,0,1,1
1,0,0,0,48,0,0,1,0,0,0,0,0,0,0,0,0,0,1,0,4308,1,0,0,0,0,0,1,0,0,0,3,0,1,0,0,4,0,1,0,0,24,0,0,1,1,0,0,1,0,0,1,0,1,1,0,1,0,2,2
0,1,0,0,12,0,0,1,0,0,0,0,0,1,0,0,0,0,0,0,1567,1,0,0,0,0,0,0,1,0,0,1,0,1,0,0,1,0,0,1,0,22,0,0,1,0,1,0,1,0,0,1,0,1,0,1,1,0,1,1
0,0,0,1,24,0,0,1,0,0,0,0,0,1,0,0,0,0,0,0,3430,0,0,1,0,0,0,0,0,0,1,3,1,1,0,0,2,0,0,1,0,31,0,0,1,0,1,0,1,0,0,1,0,2,0,1,1,0,1,1
0,0,0,1,10,0,0,0,0,1,0,0,1,0,0,0,0,0,0,0,2069,0,0,0,0,1,0,0,1,0,0,2,1,1,0,0,1,0,0,1,0,26,0,0,1,0,1,0,2,0,0,1,0,1,1,0,0,1,1,1
0,0,1,0,12,0,1,0,0,0,0,0,0,1,0,0,0,0,0,0,409,0,0,0,1,0,0,0,1,0,0,3,0,1,0,0,3,1,0,0,0,42,0,0,1,1,0,0,2,0,0,1,0,1,1,0,1,0,1,1
0,1,0,0,7,0,0,1,0,0,0,0,0,1,0,0,0,0,0,0,2415,1,0,0,0,0,0,0,1,0,0,3,1,0,0,1,2,1,0,0,0,34,0,0,1,0,1,0,1,0,0,1,0,1,1,0,1,0,1,1
0,1,0,0,18,0,0,1,0,0,0,0,0,0,0,0,0,0,1,0,1913,0,0,0,1,0,0,1,0,0,0,3,1,1,0,0,3,1,0,0,0,36,1,0,0,0,1,0,1,0,0,1,0,1,0,1,1,0,1,1
0,1,0,0,24,0,0,0,1,0,0,0,1,0,0,0,0,0,0,0,2333,0,0,0,0,1,0,1,0,0,0,4,1,1,0,0,2,0,1,0,0,29,1,0,0,0,1,0,1,0,1,0,0,1,1,0,1,0,1,1
0,0,0,1,27,0,0,1,0,0,0,0,0,0,0,1,0,0,0,0,5190,0,0,0,0,1,0,0,0,0,1,4,1,1,0,0,4,0,1,0,0,48,0,0,1,0,1,0,4,0,0,1,0,2,0,1,1,0,1,1
1,0,0,0,8,0,0,0,0,1,0,0,0,0,0,0,0,0,0,1,1164,1,0,0,0,0,0,0,0,0,1,3,1,1,0,0,4,0,0,0,1,51,1,0,0,0,0,1,2,0,0,0,1,2,0,1,1,0,1,1
0,0,0,1,12,0,0,0,0,1,0,0,0,1,0,0,0,0,0,0,797,0,0,0,0,1,0,0,0,0,1,4,0,1,0,0,3,0,1,0,0,33,1,0,0,0,1,0,1,0,1,0,0,2,1,0,1,0,2,1
0,0,0,1,12,0,0,0,0,1,0,0,0,0,0,0,1,0,0,0,2012,0,0,0,0,1,0,0,0,1,0,4,0,1,0,0,2,0,0,1,0,61,0,0,1,0,1,0,1,0,0,1,0,1,1,0,1,0,1,1
0,0,0,1,6,0,0,0,1,0,0,0,0,1,0,0,0,0,0,0,932,1,0,0,0,0,0,0,1,0,0,3,0,1,0,0,2,1,0,0,0,24,0,0,1,0,1,0,1,0,0,1,0,1,1,0,1,0,1,1
0,0,0,1,12,0,0,1,0,0,0,1,0,0,0,0,0,0,0,0,2445,0,0,0,0,1,0,1,0,0,0,2,1,1,0,0,4,0,0,1,0,26,0,0,1,1,0,0,1,0,0,1,0,1,0,1,1,0,1,1
0,0,0,1,18,0,1,0,0,0,1,0,0,0,0,0,0,0,0,0,6458,1,0,0,0,0,0,0,0,0,1,2,1,1,0,0,4,0,0,0,1,39,1,0,0,0,1,0,2,0,0,0,1,2,0,1,1,0,2,1
0,1,0,0,12,0,0,1,0,0,1,0,0,0,0,0,0,0,0,0,6078,1,0,0,0,0,0,0,0,1,0,2,1,1,0,0,2,0,0,1,0,32,0,0,1,0,1,0,1,0,0,1,0,1,1,0,1,0,1,1
0,1,0,0,14,0,0,1,0,0,0,0,0,0,0,0,0,0,1,0,1410,0,0,1,0,0,0,0,0,0,1,1,1,1,0,0,2,1,0,0,0,35,0,0,1,0,1,0,1,0,0,1,0,1,0,1,1,0,1,1
0,1,0,0,6,0,0,0,1,0,0,0,0,0,0,0,0,0,1,0,1449,0,1,0,0,0,0,0,0,0,1,1,1,1,0,0,2,0,0,1,0,31,1,0,0,0,1,0,2,0,0,1,0,2,1,0,1,0,1,1
1,0,0,0,42,0,0,1,0,0,0,0,0,1,0,0,0,0,0,0,7174,0,0,0,0,1,0,0,0,1,0,4,0,1,0,0,3,0,0,1,0,30,0,0,1,0,1,0,1,0,0,0,1,1,0,1,1,0,2,1
0,1,0,0,12,0,0,0,0,1,1,0,0,0,0,0,0,0,0,0,2366,0,0,1,0,0,0,0,0,1,0,3,1,1,0,0,3,0,0,1,0,36,0,0,1,0,1,0,1,0,0,0,1,1,0,1,1,0,1,1
0,0,1,0,10,0,0,0,0,1,1,0,0,0,0,0,0,0,0,0,781,1,0,0,0,0,0,0,0,0,1,4,1,1,0,0,4,0,0,0,1,63,0,0,1,0,0,1,2,0,0,1,0,1,0,1,1,0,1,1
1,0,0,0,12,0,0,0,0,1,1,0,0,0,0,0,0,0,0,0,3499,1,0,0,0,0,0,0,1,0,0,3,0,0,1,0,2,1,0,0,0,29,0,0,1,0,1,0,2,0,0,1,0,1,1,0,1,0,2,1
0,0,1,0,12,0,0,1,0,0,0,0,0,1,0,0,0,0,0,0,1881,1,0,0,0,0,0,0,1,0,0,2,0,1,0,0,2,0,0,1,0,44,0,0,1,1,0,0,1,0,1,0,0,1,0,1,1,0,1,1
0,0,1,0,6,0,0,1,0,0,1,0,0,0,0,0,0,0,0,0,709,0,0,0,1,0,0,1,0,0,0,2,1,1,0,0,2,1,0,0,0,27,0,0,1,0,1,0,1,1,0,0,0,1,1,0,0,1,1,1
1,0,0,0,36,0,0,0,0,1,0,0,1,0,0,0,0,0,0,0,5371,1,0,0,0,0,0,0,1,0,0,3,1,0,0,1,2,0,1,0,0,28,0,0,1,0,1,0,2,0,0,1,0,1,1,0,1,0,1,1
0,0,0,1,18,0,0,0,0,1,0,0,0,1,0,0,0,0,0,0,1582,0,0,0,1,0,0,0,0,0,1,4,1,1,0,0,4,0,0,1,0,46,0,0,1,0,1,0,2,0,0,1,0,1,1,0,1,0,1,1
0,0,0,1,10,0,0,1,0,0,0,0,0,1,0,0,0,0,0,0,1924,1,0,0,0,0,0,0,1,0,0,1,1,1,0,0,4,0,1,0,0,38,0,0,1,0,1,0,1,0,0,1,0,1,0,1,0,1,1,1
0,1,0,0,24,0,0,0,0,1,0,1,0,0,0,0,0,0,0,0,7758,0,0,0,1,0,0,0,0,0,1,2,0,1,0,0,4,0,0,0,1,29,0,0,1,1,0,0,1,0,0,1,0,1,1,0,1,0,1,1
1,0,0,0,12,0,1,0,0,0,0,0,0,0,0,0,0,1,0,0,339,1,0,0,0,0,0,0,0,0,1,4,1,1,0,0,1,0,0,1,0,45,1,0,0,0,1,0,1,0,1,0,0,1,1,0,1,0,1,2
0,0,0,1,15,0,0,1,0,0,0,0,0,0,1,0,0,0,0,0,1262,0,0,1,0,0,0,0,0,1,0,4,1,1,0,0,3,0,1,0,0,36,0,0,1,0,1,0,2,0,0,1,0,1,0,1,1,0,1,1
0,0,0,1,6,0,0,1,0,0,0,0,1,0,0,0,0,0,0,0,2978,0,0,1,0,0,0,0,1,0,0,1,1,1,0,0,2,0,0,1,0,32,0,0,1,0,1,0,1,0,0,1,0,1,0,1,1,0,1,1
1,0,0,0,18,0,0,1,0,0,0,0,1,0,0,0,0,0,0,0,1131,1,0,0,0,0,1,0,0,0,0,4,0,1,0,0,2,0,0,1,0,33,0,0,1,0,1,0,1,0,0,1,0,1,1,0,1,0,2,2
1,0,0,0,15,1,0,0,0,0,1,0,0,0,0,0,0,0,0,0,950,1,0,0,0,0,0,0,0,0,1,4,1,1,0,0,3,0,0,1,0,33,0,0,1,1,0,0,2,0,0,1,0,2,1,0,1,0,2,2
0,1,0,0,24,0,0,0,1,0,0,0,1,0,0,0,0,0,0,0,2064,1,0,0,0,0,1,0,0,0,0,3,0,1,0,0,2,0,1,0,0,34,0,0,1,0,1,0,1,0,0,0,1,1,0,1,1,0,2,1
1,0,0,0,12,0,0,1,0,0,0,0,1,0,0,0,0,0,0,0,2577,1,0,0,0,0,0,0,1,0,0,2,1,1,0,0,1,0,0,1,0,42,0,0,1,0,1,0,1,0,0,1,0,1,1,0,1,0,1,1
1,0,0,0,6,0,0,0,0,1,0,0,0,1,0,0,0,0,0,0,338,0,0,1,0,0,0,0,0,0,1,4,1,1,0,0,4,0,0,1,0,52,0,0,1,0,1,0,2,0,0,1,0,1,1,0,1,0,1,1
0,0,0,1,36,0,0,0,1,0,0,0,0,0,0,0,0,0,1,0,9572,1,0,0,0,0,0,1,0,0,0,1,1,1,0,0,1,0,0,1,0,28,0,0,1,0,1,0,2,0,0,1,0,1,1,0,1,0,2,1
0,0,0,1,24,0,0,0,0,1,0,0,1,0,0,0,0,0,0,0,3777,0,0,0,1,0,0,0,1,0,0,4,1,1,0,0,4,1,0,0,0,50,0,0,1,0,1,0,1,0,0,1,0,1,0,1,1,0,1,1
0,1,0,0,27,0,0,1,0,0,0,0,0,0,0,0,0,0,1,0,3915,1,0,0,0,0,0,0,1,0,0,4,1,1,0,0,2,0,0,1,0,36,0,0,1,0,1,0,1,0,0,1,0,2,0,1,1,0,2,1
1,0,0,0,27,1,0,0,0,0,0,0,0,0,0,0,0,0,1,0,5293,1,0,0,0,0,1,0,0,0,0,2,1,1,0,0,4,0,1,0,0,50,0,1,0,0,1,0,2,0,0,1,0,1,0,1,1,0,2,1
0,0,0,1,36,0,0,0,0,1,0,0,0,1,0,0,0,0,0,0,3342,0,0,0,0,1,0,0,0,0,1,4,1,1,0,0,2,0,0,1,0,51,0,0,1,0,1,0,1,0,0,1,0,1,0,1,1,0,1,1
0,0,1,0,36,0,0,1,0,0,0,0,0,1,0,0,0,0,0,0,3913,1,0,0,0,0,0,0,1,0,0,2,1,1,0,0,2,1,0,0,0,23,0,0,1,0,1,0,1,0,0,1,0,1,0,1,1,0,1,2
0,0,1,0,36,0,0,1,0,0,0,0,0,1,0,0,0,0,0,0,4210,1,0,0,0,0,0,0,1,0,0,4,1,1,0,0,2,0,0,1,0,26,0,0,1,0,1,0,1,0,0,1,0,1,1,0,1,0,2,1
0,0,0,1,9,0,0,1,0,0,1,0,0,0,0,0,0,0,0,0,2507,0,0,1,0,0,0,0,0,0,1,2,1,1,0,0,4,0,0,0,1,51,0,0,1,0,0,1,1,0,1,0,0,1,1,0,1,0,1,1
0,1,0,0,21,0,0,1,0,0,0,0,0,0,0,0,0,0,1,0,2767,0,1,0,0,0,0,0,0,0,1,4,1,1,0,0,2,0,0,1,0,61,1,0,0,1,0,0,2,0,1,0,0,1,1,0,1,0,2,1
0,0,1,0,12,0,0,1,0,0,0,0,1,0,0,0,0,0,0,0,2251,1,0,0,0,0,0,0,1,0,0,1,0,1,0,0,2,0,0,1,0,46,0,0,1,0,1,0,1,0,1,0,0,1,1,0,1,0,1,1
0,0,0,1,15,0,0,1,0,0,0,1,0,0,0,0,0,0,0,0,3812,0,1,0,0,0,0,1,0,0,0,1,0,1,0,0,4,0,0,1,0,23,0,0,1,0,1,0,1,0,0,1,0,1,0,1,1,0,1,1
0,0,0,1,11,0,0,0,0,1,0,0,0,1,0,0,0,0,0,0,1154,0,1,0,0,0,1,0,0,0,0,4,0,1,0,0,4,1,0,0,0,57,0,0,1,0,1,0,3,0,1,0,0,1,1,0,1,0,1,1
1,0,0,0,18,0,0,0,0,1,1,0,0,0,0,0,0,0,0,0,5302,1,0,0,0,0,0,0,0,0,1,2,1,1,0,0,4,0,0,0,1,36,0,0,1,0,0,1,3,0,0,0,1,1,0,1,1,0,1,1
0,0,0,1,36,0,0,0,0,1,0,0,0,0,0,0,0,0,1,0,6304,0,0,0,0,1,0,0,0,0,1,4,1,1,0,0,4,1,0,0,0,36,0,0,1,0,1,0,2,0,0,1,0,1,1,0,1,0,1,1
0,0,0,1,18,0,0,1,0,0,1,0,0,0,0,0,0,0,0,0,2662,0,0,0,0,1,0,0,0,1,0,4,1,1,0,0,3,0,1,0,0,32,0,0,1,0,1,0,1,0,0,1,0,1,1,0,0,1,1,1
0,1,0,0,48,0,1,0,0,0,1,0,0,0,0,0,0,0,0,0,12169,0,0,0,0,1,1,0,0,0,0,4,1,0,1,0,4,0,0,0,1,36,0,0,1,0,0,1,1,0,0,0,1,1,0,1,1,0,1,2
0,0,0,1,18,0,0,0,0,1,0,0,0,1,0,0,0,0,0,0,2404,1,0,0,0,0,0,0,1,0,0,2,0,1,0,0,2,0,0,1,0,26,0,0,1,0,1,0,2,0,0,1,0,1,1,0,1,0,1,1
1,0,0,0,12,0,0,1,0,0,0,0,1,0,0,0,0,0,0,0,1262,0,0,0,0,1,0,0,0,0,1,2,1,1,0,0,4,0,1,0,0,49,0,0,1,0,1,0,1,0,1,0,0,1,0,1,1,0,1,1
0,0,0,1,24,0,0,1,0,0,0,0,0,1,0,0,0,0,0,0,1901,0,1,0,0,0,0,0,1,0,0,4,1,1,0,0,4,0,0,1,0,29,0,0,1,1,0,0,1,0,0,0,1,1,0,1,1,0,1,1
0,0,0,1,15,0,0,0,0,1,0,1,0,0,0,0,0,0,0,0,3368,0,0,0,1,0,0,0,0,0,1,3,1,1,0,0,4,0,0,0,1,23,0,0,1,1,0,0,2,0,0,1,0,1,0,1,1,0,1,1
0,0,0,1,15,0,0,0,0,1,0,0,1,0,0,0,0,0,0,0,1520,0,0,0,0,1,0,0,0,0,1,4,1,1,0,0,4,0,1,0,0,63,0,0,1,0,1,0,1,0,0,1,0,1,1,0,1,0,1,1
1,0,0,0,24,0,0,0,0,1,0,1,0,0,0,0,0,0,0,0,6419,1,0,0,0,0,0,0,0,0,1,2,0,1,0,0,4,0,0,0,1,44,0,0,1,0,0,1,2,0,0,0,1,2,0,1,1,0,1,1
0,1,0,0,21,0,0,0,0,1,0,0,1,0,0,0,0,0,0,0,2745,0,0,0,1,0,0,0,0,1,0,3,1,1,0,0,2,0,0,1,0,32,0,0,1,0,1,0,2,0,0,1,0,1,0,1,1,0,1,1
0,1,0,0,36,1,0,0,0,0,0,0,0,1,0,0,0,0,0,0,3804,1,0,0,0,0,0,0,1,0,0,4,0,1,0,0,1,0,0,1,0,42,0,0,1,0,1,0,1,0,0,1,0,1,0,1,1,0,2,1
0,1,0,0,8,0,0,1,0,0,0,0,1,0,0,0,0,0,0,0,1237,1,0,0,0,0,0,0,1,0,0,3,0,1,0,0,4,1,0,0,0,24,0,0,1,0,1,0,1,0,0,1,0,1,1,0,1,0,2,1
0,1,0,0,9,0,0,1,0,0,1,0,0,0,0,0,0,0,0,0,276,1,0,0,0,0,0,0,1,0,0,4,1,1,0,0,4,1,0,0,0,22,0,0,1,1,0,0,1,0,1,0,0,1,1,0,1,0,1,1
0,1,0,0,30,0,0,0,0,1,1,0,0,0,0,0,0,0,0,0,4249,1,0,0,0,0,1,0,0,0,0,4,1,1,0,0,2,0,0,1,0,28,0,0,1,0,1,0,2,0,0,0,1,1,1,0,1,0,2,2
0,1,0,0,6,0,0,1,0,0,0,0,0,1,0,0,0,0,0,0,1068,1,0,0,0,0,0,0,0,0,1,4,1,1,0,0,4,0,0,1,0,28,0,0,1,0,1,0,1,0,0,1,0,2,1,0,1,0,1,1
1,0,0,0,24,1,0,0,0,0,0,0,1,0,0,0,0,0,0,0,4110,1,0,0,0,0,0,0,0,0,1,3,1,1,0,0,4,0,0,0,1,23,1,0,0,1,0,0,2,0,0,1,0,2,1,0,1,0,2,2
1,0,0,0,6,0,0,0,0,1,0,0,1,0,0,0,0,0,0,0,3384,1,0,0,0,0,0,0,1,0,0,1,1,1,0,0,4,1,0,0,0,44,0,0,1,1,0,0,1,0,0,0,1,1,0,1,1,0,2,1
1,0,0,0,15,0,0,1,0,0,0,0,0,0,1,0,0,0,0,0,1275,0,0,0,0,1,0,0,1,0,0,4,0,1,0,0,2,0,0,1,0,24,0,0,1,1,0,0,1,0,0,1,0,1,1,0,1,0,2,1
1,0,0,0,21,0,0,1,0,0,0,0,1,0,0,0,0,0,0,0,3599,1,0,0,0,0,0,0,0,1,0,1,0,1,0,0,4,0,0,1,0,26,0,0,1,1,0,0,1,0,1,0,0,1,1,0,1,0,1,1
0,1,0,0,24,0,0,1,0,0,0,0,0,1,0,0,0,0,0,0,3758,0,0,1,0,0,1,0,0,0,0,1,0,1,0,0,4,0,0,0,1,23,0,0,1,1,0,0,1,1,0,0,0,1,1,0,1,0,1,1
0,1,0,0,9,0,0,1,0,0,0,0,1,0,0,0,0,0,0,0,959,1,0,0,0,0,0,0,1,0,0,1,0,1,0,0,2,0,0,1,0,29,0,0,1,0,1,0,1,0,0,1,0,1,1,0,0,1,2,1
0,1,0,0,18,0,0,1,0,0,0,0,0,0,0,0,1,0,0,0,1239,0,0,0,0,1,0,0,1,0,0,4,1,1,0,0,4,0,0,0,1,61,0,0,1,0,0,1,1,0,0,1,0,1,1,0,1,0,1,2
0,0,1,0,12,0,0,0,1,0,1,0,0,0,0,0,0,0,0,0,2247,1,0,0,0,0,0,0,1,0,0,2,0,1,0,0,2,0,0,1,0,36,0,1,0,0,1,0,2,0,0,1,0,1,0,1,1,0,1,1
1,0,0,0,18,0,0,1,0,0,0,0,1,0,0,0,0,0,0,0,3650,1,0,0,0,0,0,1,0,0,0,1,0,1,0,0,4,0,0,1,0,22,0,0,1,1,0,0,1,0,0,1,0,1,1,0,1,0,1,2
0,0,0,1,6,0,0,0,0,1,1,0,0,0,0,0,0,0,0,0,362,0,1,0,0,0,0,0,1,0,0,4,0,1,0,0,4,0,0,1,0,52,0,0,1,0,1,0,2,0,1,0,0,1,1,0,1,0,1,1
1,0,0,0,20,0,0,1,0,0,0,0,1,0,0,0,0,0,0,0,2212,0,0,0,0,1,0,0,0,1,0,4,1,1,0,0,4,0,0,1,0,39,0,0,1,0,1,0,1,0,0,1,0,1,0,1,1,0,1,1
0,0,0,1,18,0,0,0,0,1,0,0,0,1,0,0,0,0,0,0,2238,1,0,0,0,0,0,0,1,0,0,2,0,1,0,0,1,0,0,1,0,25,0,0,1,0,1,0,2,0,0,1,0,1,1,0,1,0,1,1
0,1,0,0,15,0,0,0,0,1,0,0,0,0,0,0,0,0,1,0,2326,0,0,1,0,0,0,0,1,0,0,2,1,1,0,0,4,0,0,1,0,27,1,0,0,0,1,0,1,0,0,1,0,1,1,0,1,0,1,1
1,0,0,0,36,0,0,1,0,0,1,0,0,0,0,0,0,0,0,0,3249,1,0,0,0,0,0,0,0,1,0,2,1,1,0,0,4,0,0,0,1,39,1,0,0,0,0,1,1,0,0,0,1,2,0,1,1,0,1,1
0,1,0,0,39,0,0,0,1,0,0,0,0,0,0,0,1,0,0,0,11760,0,1,0,0,0,0,0,0,1,0,2,1,1,0,0,3,0,0,0,1,32,0,0,1,1,0,0,1,0,0,1,0,1,0,1,1,0,1,2
0,0,0,1,24,0,0,0,0,1,0,0,0,1,0,0,0,0,0,0,1516,0,0,0,1,0,0,0,1,0,0,4,0,1,0,0,1,1,0,0,0,43,0,0,1,0,1,0,2,0,1,0,0,1,1,0,1,0,1,1
0,1,0,0,18,0,0,0,0,1,0,0,0,0,0,0,0,0,1,0,1887,0,0,0,0,1,0,0,1,0,0,4,1,1,0,0,4,1,0,0,0,28,1,0,0,0,1,0,2,0,0,1,0,1,1,0,1,0,1,1
0,0,0,1,24,0,0,0,0,1,0,1,0,0,0,0,0,0,0,0,2197,0,0,0,0,1,0,0,0,1,0,4,1,1,0,0,4,0,0,1,0,43,0,0,1,0,1,0,2,0,0,1,0,2,0,1,1,0,1,1
0,0,0,1,24,0,0,1,0,0,0,0,0,1,0,0,0,0,0,0,3235,0,0,1,0,0,0,0,0,0,1,3,1,1,0,0,2,0,0,1,0,26,0,0,1,0,1,0,1,0,0,0,1,1,0,1,1,0,1,1
0,0,1,0,12,0,0,0,0,1,1,0,0,0,0,0,0,0,0,0,939,0,0,1,0,0,0,0,0,1,0,4,1,1,0,0,2,1,0,0,0,28,0,0,1,0,1,0,3,0,0,1,0,1,0,1,1,0,2,1
0,0,0,1,12,0,0,0,0,1,0,0,0,0,0,0,0,0,1,0,2292,1,0,0,0,0,1,0,0,0,0,4,1,1,0,0,2,0,0,1,0,42,0,1,0,0,1,0,2,0,0,0,1,1,0,1,1,0,2,1
0,0,0,1,10,0,0,1,0,0,1,0,0,0,0,0,0,0,0,0,1597,0,0,1,0,0,0,0,1,0,0,3,1,1,0,0,2,0,0,0,1,40,0,0,1,1,0,0,1,0,1,0,0,2,1,0,0,1,1,1
1,0,0,0,24,0,0,1,0,0,1,0,0,0,0,0,0,0,0,0,1381,0,0,0,0,1,0,0,1,0,0,4,0,1,0,0,2,0,1,0,0,35,0,0,1,0,1,0,1,0,0,1,0,1,1,0,1,0,2,2
0,0,0,1,36,0,0,0,0,1,0,1,0,0,0,0,0,0,0,0,5842,1,0,0,0,0,0,0,0,0,1,2,1,1,0,0,2,0,1,0,0,35,0,0,1,0,1,0,2,0,0,1,0,2,0,1,1,0,1,1
0,1,0,0,18,0,0,1,0,0,0,1,0,0,0,0,0,0,0,0,2779,1,0,0,0,0,0,0,1,0,0,1,1,1,0,0,3,0,0,1,0,21,0,0,1,1,0,0,1,0,0,1,0,1,0,1,1,0,1,2
0,0,0,1,28,0,0,0,0,1,0,0,0,1,0,0,0,0,0,0,2743,1,0,0,0,0,0,0,0,0,1,4,1,1,0,0,2,0,0,1,0,29,0,0,1,0,1,0,2,0,0,1,0,1,1,0,1,0,1,1
0,0,0,1,18,0,0,0,0,1,0,0,0,1,0,0,0,0,0,0,1149,0,0,0,1,0,0,0,1,0,0,4,1,1,0,0,3,1,0,0,0,46,0,0,1,0,1,0,2,0,0,1,0,1,1,0,1,0,1,1
0,0,0,1,9,0,0,1,0,0,0,0,1,0,0,0,0,0,0,0,1313,1,0,0,0,0,0,0,0,0,1,1,1,1,0,0,4,0,0,1,0,20,0,0,1,0,1,0,1,0,0,1,0,1,1,0,1,0,1,1
1,0,0,0,18,0,0,0,0,1,0,0,0,0,0,1,0,0,0,0,1190,1,0,0,0,0,1,0,0,0,0,2,0,1,0,0,4,0,0,0,1,55,0,0,1,0,0,1,3,1,0,0,0,2,1,0,1,0,2,1
0,1,0,0,24,0,0,1,0,0,0,0,0,0,0,0,0,0,0,1,11328,1,0,0,0,0,0,0,1,0,0,2,1,0,1,0,3,0,0,1,0,29,1,0,0,0,1,0,2,0,0,0,1,1,0,1,1,0,2,2
0,0,0,1,6,0,0,1,0,0,0,0,0,0,0,1,0,0,0,0,660,0,0,1,0,0,0,0,0,1,0,2,1,1,0,0,4,1,0,0,0,23,0,0,1,1,0,0,1,0,1,0,0,1,1,0,1,0,1,1
0,0,1,0,12,0,0,1,0,0,0,0,1,0,0,0,0,0,0,0,1424,0,0,0,0,1,0,0,0,0,1,3,0,1,0,0,4,1,0,0,0,55,0,0,1,0,1,0,1,0,0,0,1,1,0,1,1,0,1,1
0,0,0,1,6,0,0,1,0,0,0,0,0,1,0,0,0,0,0,0,518,1,0,0,0,0,0,0,1,0,0,3,0,1,0,0,1,1,0,0,0,29,0,0,1,0,1,0,1,0,0,1,0,1,1,0,1,0,1,1
1,0,0,0,12,0,0,1,0,0,0,1,0,0,0,0,0,0,0,0,3386,1,0,0,0,0,0,0,0,0,1,3,1,1,0,0,4,0,0,0,1,35,0,0,1,0,0,1,1,0,0,1,0,1,0,1,1,0,2,1
0,0,0,1,18,0,0,1,0,0,0,0,0,0,0,0,0,0,1,0,1950,1,0,0,0,0,0,0,0,1,0,4,1,1,0,0,1,0,0,1,0,34,0,1,0,0,1,0,2,0,0,1,0,1,0,1,1,0,1,1
0,0,0,1,48,0,0,0,1,0,0,0,0,1,0,0,0,0,0,0,7238,0,0,0,0,1,0,0,0,0,1,3,1,1,0,0,3,0,0,1,0,32,1,0,0,0,1,0,2,0,0,1,0,2,1,0,1,0,1,1
0,1,0,0,18,0,0,0,0,1,0,0,0,1,0,0,0,0,0,0,1245,1,0,0,0,0,0,0,1,0,0,4,1,1,0,0,2,0,0,1,0,33,0,0,1,0,1,0,1,0,0,1,0,1,1,0,1,0,2,1
0,0,0,1,39,0,0,1,0,0,0,1,0,0,0,0,0,0,0,0,2569,0,0,1,0,0,0,0,1,0,0,4,1,1,0,0,4,0,0,1,0,24,0,0,1,0,1,0,1,0,0,1,0,1,1,0,1,0,1,1
0,0,1,0,24,0,0,1,0,0,0,0,0,1,0,0,0,0,0,0,5152,1,0,0,0,0,0,0,0,1,0,4,1,1,0,0,2,0,0,1,0,25,1,0,0,0,1,0,1,0,0,1,0,1,1,0,1,0,1,1
0,0,0,1,12,0,0,0,0,1,1,0,0,0,0,0,0,0,0,0,1163,0,0,1,0,0,0,0,1,0,0,4,1,1,0,0,4,1,0,0,0,44,0,0,1,0,1,0,1,0,0,1,0,1,0,1,1,0,1,1
0,1,0,0,6,0,0,0,1,0,1,0,0,0,0,0,0,0,0,0,1209,1,0,0,0,0,1,0,0,0,0,4,1,1,0,0,4,0,1,0,0,47,0,0,1,0,1,0,1,0,0,0,1,1,0,1,1,0,2,1
0,1,0,0,6,0,0,1,0,0,0,0,0,1,0,0,0,0,0,0,368,0,0,0,0,1,0,0,0,0,1,4,1,1,0,0,4,0,1,0,0,38,0,0,1,0,1,0,1,0,0,1,0,1,1,0,1,0,1,1
1,0,0,0,24,0,0,1,0,0,1,0,0,0,0,0,0,0,0,0,3123,1,0,0,0,0,0,1,0,0,0,4,0,1,0,0,1,0,1,0,0,27,0,0,1,0,1,0,1,0,0,1,0,1,1,0,1,0,2,2
0,0,1,0,9,0,0,1,0,0,0,0,0,1,0,0,0,0,0,0,1126,0,1,0,0,0,0,0,0,0,1,2,1,1,0,0,4,1,0,0,0,49,0,0,1,0,1,0,1,0,0,1,0,1,1,0,1,0,1,1
1,0,0,0,24,0,0,1,0,0,1,0,0,0,0,0,0,0,0,0,1207,1,0,0,0,0,0,1,0,0,0,4,0,1,0,0,4,0,1,0,0,24,0,0,1,1,0,0,1,0,0,1,0,1,1,0,1,0,2,2
0,0,0,1,10,0,0,1,0,0,1,0,0,0,0,0,0,0,0,0,1309,0,0,0,0,1,0,0,1,0,0,4,1,0,0,1,4,0,1,0,0,27,0,0,1,0,1,0,1,0,1,0,0,1,1,0,1,0,2,1
0,0,1,0,15,0,0,0,0,1,0,1,0,0,0,0,0,0,0,0,2360,0,0,1,0,0,0,0,1,0,0,2,1,1,0,0,2,0,0,1,0,36,0,0,1,0,1,0,1,0,0,1,0,1,0,1,1,0,1,1
0,0,0,1,24,0,0,1,0,0,0,0,0,1,0,0,0,0,0,0,1413,1,0,0,0,0,0,0,1,0,0,4,1,1,0,0,2,0,1,0,0,28,0,0,1,0,1,0,1,0,0,1,0,1,1,0,1,0,1,1
1,0,0,0,12,0,0,1,0,0,1,0,0,0,0,0,0,0,0,0,759,1,0,0,0,0,0,0,0,1,0,4,1,1,0,0,2,1,0,0,0,26,0,0,1,0,1,0,1,0,0,1,0,1,1,0,1,0,2,1
1,0,0,0,18,0,0,1,0,0,0,0,0,1,0,0,0,0,0,0,3190,1,0,0,0,0,0,0,1,0,0,2,0,1,0,0,2,1,0,0,0,24,0,0,1,0,1,0,1,0,0,1,0,1,1,0,1,0,2,1
0,0,0,1,24,0,0,1,0,0,0,1,0,0,0,0,0,0,0,0,3488,0,1,0,0,0,0,0,0,1,0,3,0,1,0,0,4,0,0,1,0,23,0,0,1,0,1,0,1,0,0,1,0,1,1,0,1,0,1,1
0,0,0,1,4,0,0,0,0,1,0,0,0,1,0,0,0,0,0,0,1503,1,0,0,0,0,0,0,0,1,0,2,1,1,0,0,1,1,0,0,0,42,0,0,1,0,1,0,2,0,1,0,0,2,1,0,1,0,1,1
0,0,0,1,12,0,0,0,1,0,0,1,0,0,0,0,0,0,0,0,1503,1,0,0,0,0,0,0,1,0,0,4,1,1,0,0,4,1,0,0,0,41,0,0,1,1,0,0,1,0,0,1,0,1,1,0,1,0,1,1
0,0,1,0,21,0,0,0,0,1,0,0,0,0,0,0,1,0,0,0,2319,1,0,0,0,0,0,1,0,0,0,2,1,1,0,0,1,0,0,1,0,33,0,0,1,1,0,0,1,0,0,1,0,1,1,0,1,0,2,1
0,1,0,0,12,0,0,1,0,0,0,0,0,1,0,0,0,0,0,0,1534,1,0,0,0,0,0,1,0,0,0,1,1,1,0,0,1,1,0,0,0,23,0,0,1,1,0,0,1,0,0,1,0,1,1,0,1,0,2,1
1,0,0,0,24,0,0,0,1,0,1,0,0,0,0,0,0,0,0,0,1333,1,0,0,0,0,1,0,0,0,0,4,1,1,0,0,2,1,0,0,0,43,0,0,1,0,0,1,2,0,0,1,0,2,1,0,1,0,2,2
1,0,0,0,48,0,0,1,0,0,0,0,0,1,0,0,0,0,0,0,6999,1,0,0,0,0,0,0,0,1,0,1,1,0,0,1,1,1,0,0,0,34,0,0,1,0,1,0,2,0,0,1,0,1,0,1,1,0,2,1
0,1,0,0,24,0,0,0,1,0,0,0,0,0,0,0,0,0,1,0,4712,0,0,0,0,1,0,0,1,0,0,4,1,1,0,0,2,0,1,0,0,37,1,0,0,0,1,0,2,0,0,0,1,1,0,1,1,0,1,1
0,1,0,0,24,0,0,0,1,0,0,0,0,1,0,0,0,0,0,0,1553,0,1,0,0,0,0,0,0,1,0,3,0,1,0,0,2,0,1,0,0,23,0,0,1,1,0,0,2,0,0,1,0,1,0,1,1,0,1,1
0,0,0,1,24,0,0,0,0,1,0,0,0,1,0,0,0,0,0,0,2578,0,0,0,1,0,0,0,0,0,1,2,1,1,0,0,2,0,0,1,0,34,0,0,1,0,1,0,1,0,0,1,0,1,1,0,1,0,1,1
0,0,0,1,30,0,0,0,0,1,0,0,0,1,0,0,0,0,0,0,5954,1,0,0,0,0,0,0,0,1,0,3,1,0,1,0,2,0,0,1,0,38,0,0,1,0,1,0,1,0,0,1,0,1,1,0,1,0,1,1
0,1,0,0,36,0,0,1,0,0,0,0,0,0,0,1,0,0,0,0,2384,1,0,0,0,0,0,1,0,0,0,4,1,1,0,0,1,0,0,0,1,33,0,0,1,1,0,0,1,0,1,0,0,1,1,0,1,0,2,1
1,0,0,0,12,0,0,1,0,0,0,0,1,0,0,0,0,0,0,0,1289,1,0,0,0,0,0,0,1,0,0,4,1,0,0,1,1,0,1,0,0,21,0,0,1,0,1,0,1,0,1,0,0,1,1,0,1,0,1,1
1,0,0,0,12,0,0,0,0,1,0,0,1,0,0,0,0,0,0,0,2246,1,0,0,0,0,0,0,0,0,1,3,1,1,0,0,3,0,1,0,0,60,0,0,1,0,1,0,2,0,0,1,0,1,1,0,1,0,2,1
1,0,0,0,12,0,0,0,0,1,0,0,0,1,0,0,0,0,0,0,385,1,0,0,0,0,0,0,0,1,0,4,0,1,0,0,3,1,0,0,0,58,0,0,1,0,1,0,4,0,1,0,0,1,0,1,1,0,1,1
0,0,0,1,18,0,0,0,0,1,1,0,0,0,0,0,0,0,0,0,2775,1,0,0,0,0,0,0,0,1,0,2,1,1,0,0,2,0,1,0,0,31,1,0,0,0,1,0,2,0,0,1,0,1,1,0,1,0,2,1
0,0,0,1,24,0,0,0,1,0,0,0,0,0,0,0,0,0,1,0,3863,1,0,0,0,0,0,0,1,0,0,1,1,1,0,0,2,0,0,0,1,32,0,0,1,0,0,1,1,0,0,1,0,1,1,0,1,0,1,1
0,0,1,0,10,0,0,1,0,0,1,0,0,0,0,0,0,0,0,0,1240,0,1,0,0,0,0,0,0,0,1,1,0,1,0,0,4,0,0,0,1,48,0,0,1,0,0,1,1,0,1,0,0,2,1,0,1,0,2,1
1,0,0,0,24,0,1,0,0,0,0,1,0,0,0,0,0,0,0,0,3632,1,0,0,0,0,0,0,1,0,0,1,0,0,0,1,4,0,0,1,0,22,1,0,0,1,0,0,1,0,0,1,0,1,1,0,0,1,1,2
0,0,0,1,18,0,0,0,0,1,1,0,0,0,0,0,0,0,0,0,1530,1,0,0,0,0,0,0,1,0,0,3,1,1,0,0,2,0,1,0,0,32,1,0,0,0,1,0,2,0,0,1,0,1,1,0,1,0,2,1
1,0,0,0,12,0,0,1,0,0,0,0,1,0,0,0,0,0,0,0,1858,1,0,0,0,0,0,1,0,0,0,4,0,1,0,0,1,0,0,1,0,22,0,0,1,1,0,0,1,0,0,1,0,1,1,0,1,0,1,2
0,0,0,1,36,0,0,0,1,0,0,0,0,0,0,0,0,0,1,0,7980,0,0,0,0,1,0,1,0,0,0,4,1,1,0,0,4,0,0,1,0,27,0,0,1,1,0,0,2,0,0,1,0,1,0,1,1,0,2,1
0,0,1,0,24,0,0,1,0,0,1,0,0,0,0,0,0,0,0,0,947,1,0,0,0,0,0,0,0,1,0,4,1,1,0,0,3,0,0,0,1,38,1,0,0,0,0,1,1,0,0,1,0,2,1,0,1,0,2,2
1,0,0,0,24,0,0,1,0,0,1,0,0,0,0,0,0,0,0,0,2303,1,0,0,0,0,0,0,0,0,1,4,1,0,1,0,1,1,0,0,0,45,0,0,1,0,1,0,1,0,0,1,0,1,1,0,1,0,2,1
0,1,0,0,36,0,0,0,1,0,1,0,0,0,0,0,0,0,0,0,8086,0,1,0,0,0,0,0,0,0,1,2,1,1,0,0,4,0,0,1,0,42,0,0,1,0,1,0,4,0,0,0,1,1,0,1,1,0,2,1
0,1,0,0,30,1,0,0,0,0,0,0,0,0,0,0,0,0,1,0,4221,1,0,0,0,0,0,0,1,0,0,2,0,1,0,0,1,0,0,1,0,28,0,0,1,0,1,0,2,0,0,1,0,1,1,0,1,0,1,1
0,0,0,1,48,0,1,0,0,0,0,0,0,0,0,0,0,0,1,0,3609,1,0,0,0,0,0,0,1,0,0,1,0,1,0,0,1,1,0,0,0,27,0,1,0,0,1,0,1,0,0,1,0,1,1,0,1,0,1,1
1,0,0,0,12,0,0,0,0,1,1,0,0,0,0,0,0,0,0,0,4843,1,0,0,0,0,0,0,0,0,1,3,1,0,1,0,4,0,1,0,0,43,0,0,1,1,0,0,2,0,0,1,0,1,0,1,1,0,2,1
0,0,1,0,30,0,0,0,0,1,0,0,0,1,0,0,0,0,0,0,3017,1,0,0,0,0,0,0,0,0,1,4,1,1,0,0,4,0,1,0,0,47,0,0,1,0,1,0,1,0,0,1,0,1,1,0,1,0,1,1
0,0,0,1,6,0,0,0,0,1,1,0,0,0,0,0,0,0,0,0,2080,0,0,1,0,0,0,0,1,0,0,1,1,1,0,0,2,0,0,1,0,24,0,0,1,0,1,0,1,0,0,1,0,1,1,0,1,0,1,1
0,1,0,0,24,0,0,1,0,0,0,0,0,1,0,0,0,0,0,0,2896,0,1,0,0,0,0,1,0,0,0,2,1,1,0,0,1,0,0,1,0,29,0,0,1,0,1,0,1,0,0,1,0,1,1,0,1,0,1,1
1,0,0,0,6,0,0,0,0,1,1,0,0,0,0,0,0,0,0,0,4716,0,0,0,0,1,0,1,0,0,0,1,1,1,0,0,3,1,0,0,0,44,0,0,1,0,1,0,2,0,1,0,0,2,1,0,1,0,1,1
0,1,0,0,30,0,0,0,1,0,0,0,0,0,0,0,0,0,1,0,2503,0,1,0,0,0,0,0,0,0,1,4,1,1,0,0,2,0,1,0,0,41,0,1,0,0,1,0,2,0,0,1,0,1,1,0,1,0,1,1
0,0,0,1,15,0,0,1,0,0,1,0,0,0,0,0,0,0,0,0,5324,0,0,1,0,0,0,0,0,0,1,1,0,1,0,0,4,0,0,0,1,35,0,0,1,0,0,1,1,0,0,1,0,1,1,0,1,0,1,1
0,1,0,0,9,0,0,1,0,0,0,0,0,1,0,0,0,0,0,0,2118,1,0,0,0,0,0,0,1,0,0,2,1,1,0,0,2,1,0,0,0,37,0,0,1,0,1,0,1,0,1,0,0,2,1,0,1,0,1,1
0,1,0,0,60,0,0,1,0,0,1,0,0,0,0,0,0,0,0,0,14027,1,0,0,0,0,0,0,0,1,0,4,1,1,0,0,2,0,0,0,1,27,0,0,1,0,1,0,1,0,0,0,1,1,0,1,1,0,2,2
0,0,0,1,30,0,0,0,0,1,0,0,0,1,0,0,0,0,0,0,3077,0,0,0,0,1,0,0,0,0,1,3,1,1,0,0,2,0,0,1,0,40,0,0,1,0,1,0,2,0,0,1,0,2,0,1,1,0,1,1
0,0,0,1,24,0,0,1,0,0,0,1,0,0,0,0,0,0,0,0,2603,0,0,0,1,0,0,0,1,0,0,2,0,1,0,0,4,0,0,1,0,28,0,0,1,1,0,0,1,0,0,1,0,1,0,1,1,0,1,1
0,0,0,1,4,0,0,0,0,1,1,0,0,0,0,0,0,0,0,0,3380,1,0,0,0,0,0,0,0,1,0,1,0,1,0,0,1,1,0,0,0,37,0,0,1,0,1,0,1,0,0,1,0,2,1,0,1,0,1,1
1,0,0,0,24,0,1,0,0,0,0,0,1,0,0,0,0,0,0,0,2483,0,0,1,0,0,0,0,1,0,0,4,1,1,0,0,4,1,0,0,0,22,0,1,0,0,1,0,1,0,0,1,0,1,0,1,1,0,1,1
0,0,1,0,15,0,0,0,0,1,0,0,0,1,0,0,0,0,0,0,1271,0,0,0,0,1,0,0,1,0,0,3,1,1,0,0,4,0,0,0,1,39,0,0,1,0,0,1,2,0,0,1,0,1,0,1,1,0,2,1
0,0,0,1,24,0,0,0,0,1,1,0,0,0,0,0,0,0,0,0,2463,0,1,0,0,0,0,0,0,1,0,4,1,1,0,0,3,0,1,0,0,27,0,0,1,0,1,0,2,0,0,1,0,1,0,1,1,0,1,1
1,0,0,0,36,0,0,0,0,1,0,0,0,0,0,0,1,0,0,0,8065,1,0,0,0,0,0,0,1,0,0,3,0,1,0,0,2,0,0,0,1,25,0,0,1,0,1,0,2,0,0,0,1,1,0,1,1,0,2,2
0,0,0,1,21,0,0,0,0,1,0,1,0,0,0,0,0,0,0,0,3275,1,0,0,0,0,0,0,0,0,1,1,1,1,0,0,4,0,0,1,0,36,0,0,1,0,1,0,1,0,0,0,1,1,0,1,1,0,1,1
0,0,1,0,12,0,0,0,0,1,1,0,0,0,0,0,0,0,0,0,1480,0,0,1,0,0,1,0,0,0,0,2,1,1,0,0,4,0,0,0,1,66,1,0,0,0,0,1,3,1,0,0,0,1,1,0,1,0,1,1
1,0,0,0,24,0,0,1,0,0,1,0,0,0,0,0,0,0,0,0,1371,0,0,0,0,1,0,0,1,0,0,4,0,1,0,0,4,1,0,0,0,25,0,0,1,1,0,0,1,0,0,1,0,1,1,0,1,0,2,2
0,0,0,1,36,0,0,0,0,1,1,0,0,0,0,0,0,0,0,0,3535,1,0,0,0,0,0,0,0,1,0,4,1,1,0,0,4,0,0,1,0,37,0,0,1,0,1,0,2,0,0,1,0,1,0,1,1,0,1,1
0,1,0,0,39,0,0,0,0,1,0,0,0,1,0,0,0,0,0,0,4933,1,0,0,0,0,0,0,0,1,0,2,1,0,0,1,2,1,0,0,0,25,0,0,1,0,1,0,2,0,0,1,0,1,1,0,1,0,2,1
0,0,0,1,22,0,0,1,0,0,0,0,0,1,0,0,0,0,0,0,2675,0,0,1,0,0,0,0,0,0,1,3,1,1,0,0,4,0,0,1,0,40,0,0,1,0,1,0,1,0,0,1,0,1,1,0,1,0,1,1
0,0,0,1,6,0,0,0,0,1,0,0,1,0,0,0,0,0,0,0,1221,0,0,0,0,1,0,0,1,0,0,1,1,1,0,0,2,0,1,0,0,27,0,0,1,0,1,0,2,0,0,1,0,1,1,0,1,0,1,1
0,0,0,1,24,0,0,1,0,0,0,0,1,0,0,0,0,0,0,0,3062,0,0,1,0,0,0,0,0,0,1,4,1,1,0,0,3,0,0,0,1,32,0,0,1,1,0,0,1,0,0,1,0,1,0,1,1,0,1,1
0,0,0,1,24,0,0,0,0,1,0,0,0,0,0,0,1,0,0,0,1597,1,0,0,0,0,0,0,0,0,1,4,1,1,0,0,4,0,0,0,1,54,0,0,1,0,0,1,2,0,0,1,0,2,1,0,1,0,1,1
0,1,0,0,8,0,0,1,0,0,0,0,0,0,0,0,0,0,1,0,907,1,0,0,0,0,0,1,0,0,0,3,1,1,0,0,2,1,0,0,0,26,0,0,1,0,1,0,1,0,0,1,0,1,0,1,1,0,1,1
1,0,0,0,48,0,0,1,0,0,0,0,0,0,1,0,0,0,0,0,3051,1,0,0,0,0,0,0,1,0,0,3,1,1,0,0,4,0,0,1,0,54,0,0,1,0,1,0,1,0,0,1,0,1,1,0,1,0,2,2
1,0,0,0,21,0,0,0,0,1,1,0,0,0,0,0,0,0,0,0,1602,1,0,0,0,0,0,0,0,0,1,4,1,1,0,0,3,0,0,1,0,30,0,0,1,0,1,0,2,0,0,1,0,1,0,1,1,0,1,1
0,1,0,0,24,0,0,1,0,0,0,0,0,1,0,0,0,0,0,0,5084,0,0,0,0,1,0,0,0,0,1,2,0,1,0,0,4,0,0,1,0,42,0,0,1,0,1,0,1,0,0,1,0,1,0,1,1,0,1,1
0,0,0,1,24,0,0,0,0,1,0,0,0,1,0,0,0,0,0,0,2611,1,0,0,0,0,0,0,0,0,1,4,1,0,1,0,3,1,0,0,0,46,0,0,1,0,1,0,2,0,0,1,0,1,1,0,1,0,1,1
0,0,0,1,18,0,0,1,0,0,0,0,0,0,0,1,0,0,0,0,1943,1,0,0,0,0,0,1,0,0,0,4,0,1,0,0,4,1,0,0,0,23,0,0,1,0,1,0,1,0,0,1,0,1,1,0,1,0,2,1
0,0,0,1,24,0,0,1,0,0,1,0,0,0,0,0,0,0,0,0,1249,1,0,0,0,0,0,1,0,0,0,4,1,1,0,0,2,1,0,0,0,28,0,0,1,0,1,0,1,0,0,1,0,1,1,0,1,0,1,1
0,0,0,1,24,0,0,0,0,1,0,1,0,0,0,0,0,0,0,0,5804,0,0,0,1,0,0,0,1,0,0,4,1,1,0,0,2,1,0,0,0,27,0,0,1,0,1,0,2,0,0,1,0,1,1,0,1,0,1,1
0,0,0,1,15,0,0,1,0,0,0,0,1,0,0,0,0,0,0,0,2221,0,0,1,0,0,0,0,1,0,0,2,0,1,0,0,4,0,0,1,0,20,0,0,1,1,0,0,1,0,0,1,0,1,1,0,1,0,1,1
0,0,0,1,15,0,0,1,0,0,0,0,0,0,1,0,0,0,0,0,874,0,0,0,0,1,0,1,0,0,0,4,0,1,0,0,1,1,0,0,0,24,0,0,1,0,1,0,1,0,0,1,0,1,1,0,1,0,1,1
0,1,0,0,11,0,0,0,0,1,1,0,0,0,0,0,0,0,0,0,1322,0,0,0,1,0,0,0,1,0,0,4,0,1,0,0,4,0,0,1,0,40,0,0,1,0,1,0,2,0,0,1,0,1,1,0,1,0,1,1
0,0,0,1,36,0,0,1,0,0,0,0,0,1,0,0,0,0,0,0,3595,1,0,0,0,0,0,0,0,0,1,4,1,1,0,0,2,0,0,1,0,28,0,0,1,0,1,0,1,0,0,1,0,1,1,0,1,0,1,1
1,0,0,0,18,0,0,1,0,0,0,0,1,0,0,0,0,0,0,0,4153,1,0,0,0,0,0,0,1,0,0,2,1,0,1,0,3,0,0,1,0,42,0,0,1,0,1,0,1,0,0,1,0,1,1,0,1,0,2,1
0,0,0,1,15,0,0,0,1,0,0,1,0,0,0,0,0,0,0,0,3594,1,0,0,0,0,0,1,0,0,0,1,0,1,0,0,2,0,1,0,0,46,0,0,1,0,1,0,2,0,1,0,0,1,1,0,1,0,1,1
0,1,0,0,24,0,0,0,0,1,0,0,1,0,0,0,0,0,0,0,4736,1,0,0,0,0,0,1,0,0,0,2,0,1,0,0,4,0,0,1,0,25,1,0,0,0,1,0,1,0,1,0,0,1,1,0,1,0,2,1
0,0,0,1,18,0,0,0,0,1,0,0,1,0,0,0,0,0,0,0,1817,1,0,0,0,0,0,0,1,0,0,4,0,1,0,0,2,0,0,0,1,28,0,0,1,0,1,0,2,0,0,1,0,1,1,0,1,0,1,1
1,0,0,0,48,0,0,1,0,0,0,1,0,0,0,0,0,0,0,0,10297,1,0,0,0,0,0,0,0,1,0,4,1,1,0,0,4,0,0,0,1,39,0,1,0,0,0,1,3,0,0,1,0,2,0,1,1,0,2,2
0,1,0,0,9,0,0,1,0,0,0,0,0,1,0,0,0,0,0,0,1670,1,0,0,0,0,0,1,0,0,0,4,0,1,0,0,2,0,0,1,0,22,0,0,1,0,1,0,1,0,0,1,0,1,0,1,1,0,2,1
0,0,0,1,9,0,0,0,0,1,1,0,0,0,0,0,0,0,0,0,1224,1,0,0,0,0,0,0,1,0,0,3,1,1,0,0,1,1,0,0,0,30,0,0,1,0,1,0,2,0,0,1,0,1,1,0,1,0,1,1
0,0,0,1,12,0,0,0,0,1,0,0,0,1,0,0,0,0,0,0,522,0,0,1,0,0,0,0,0,0,1,4,1,1,0,0,4,0,1,0,0,42,0,0,1,0,1,0,2,0,0,1,0,2,0,1,1,0,1,1
0,0,0,1,24,0,0,0,0,1,0,1,0,0,0,0,0,0,0,0,6842,0,0,0,0,1,0,0,1,0,0,2,1,1,0,0,4,0,1,0,0,46,0,0,1,0,1,0,2,0,0,0,1,2,0,1,1,0,1,1
0,0,0,1,24,0,0,1,0,0,0,0,1,0,0,0,0,0,0,0,929,0,0,0,0,1,0,0,0,1,0,4,1,1,0,0,2,0,0,1,0,31,0,1,0,0,1,0,1,0,0,1,0,1,0,1,1,0,1,1
0,0,0,1,4,0,0,0,0,1,1,0,0,0,0,0,0,0,0,0,1455,1,0,0,0,0,0,0,0,1,0,2,1,1,0,0,1,1,0,0,0,42,0,0,1,0,1,0,3,0,1,0,0,2,1,0,1,0,1,1
0,1,0,0,48,1,0,0,0,0,1,0,0,0,0,0,0,0,0,0,8358,0,0,1,0,0,0,1,0,0,0,1,0,1,0,0,1,0,0,1,0,30,0,0,1,0,1,0,2,0,0,1,0,1,1,0,1,0,1,2
0,1,0,0,9,0,0,0,0,1,0,0,0,1,0,0,0,0,0,0,1154,1,0,0,0,0,0,0,0,0,1,2,1,1,0,0,4,1,0,0,0,37,0,0,1,0,1,0,3,0,1,0,0,1,1,0,1,0,1,1
0,0,0,1,6,0,0,0,0,1,0,0,0,1,0,0,0,0,0,0,1740,1,0,0,0,0,0,0,0,0,1,2,1,1,0,0,2,1,0,0,0,30,0,0,1,1,0,0,2,0,0,1,0,1,1,0,1,0,1,1
0,0,0,1,42,0,0,1,0,0,0,0,0,1,0,0,0,0,0,0,7166,0,0,0,0,1,0,0,0,1,0,2,1,1,0,0,4,0,1,0,0,29,0,0,1,1,0,0,1,0,0,1,0,1,0,1,1,0,1,1
1,0,0,0,11,0,0,0,0,1,1,0,0,0,0,0,0,0,0,0,3939,1,0,0,0,0,0,0,1,0,0,1,1,1,0,0,2,1,0,0,0,40,0,0,1,0,1,0,2,0,1,0,0,2,1,0,1,0,1,1
0,1,0,0,18,0,0,0,1,0,0,0,0,0,0,0,0,0,1,0,2427,0,0,0,0,1,0,0,0,0,1,4,1,1,0,0,2,0,1,0,0,42,0,0,1,0,1,0,2,0,0,1,0,1,1,0,1,0,1,1
0,0,0,1,48,0,0,1,0,0,0,0,0,0,0,0,0,0,1,0,4844,1,0,0,0,0,1,0,0,0,0,3,1,1,0,0,2,0,0,1,0,33,1,0,0,1,0,0,1,0,0,0,1,1,0,1,1,0,2,1
0,0,0,1,24,0,0,0,0,1,0,0,1,0,0,0,0,0,0,0,2028,1,0,0,0,0,0,0,0,1,0,2,1,1,0,0,2,0,1,0,0,30,0,0,1,0,1,0,2,0,1,0,0,1,1,0,1,0,1,1
0,0,0,1,15,0,1,0,0,0,0,0,0,1,0,0,0,0,0,0,1569,0,1,0,0,0,0,0,0,0,1,4,1,1,0,0,4,0,0,1,0,34,1,0,0,0,1,0,1,0,1,0,0,2,1,0,1,0,1,1
